-- phpMyAdmin SQL Dump
-- version 5.2.1
-- https://www.phpmyadmin.net/
--
-- Máy chủ: 127.0.0.1
-- Thời gian đã tạo: Th12 20, 2023 lúc 03:23 PM
-- Phiên bản máy phục vụ: 10.4.28-MariaDB
-- Phiên bản PHP: 8.0.28

SET SQL_MODE = "NO_AUTO_VALUE_ON_ZERO";
START TRANSACTION;
SET time_zone = "+00:00";


/*!40101 SET @OLD_CHARACTER_SET_CLIENT=@@CHARACTER_SET_CLIENT */;
/*!40101 SET @OLD_CHARACTER_SET_RESULTS=@@CHARACTER_SET_RESULTS */;
/*!40101 SET @OLD_COLLATION_CONNECTION=@@COLLATION_CONNECTION */;
/*!40101 SET NAMES utf8mb4 */;

--
-- Cơ sở dữ liệu: `ct550_demo`
--

-- --------------------------------------------------------

--
-- Cấu trúc bảng cho bảng `comments`
--

CREATE TABLE `comments` (
  `id` int(11) NOT NULL,
  `content` varchar(255) DEFAULT NULL,
  `userId` int(11) DEFAULT NULL,
  `passengerId` int(11) DEFAULT NULL,
  `createdAt` datetime NOT NULL,
  `updatedAt` datetime NOT NULL
) ENGINE=InnoDB DEFAULT CHARSET=utf8mb4 COLLATE=utf8mb4_general_ci;

--
-- Đang đổ dữ liệu cho bảng `comments`
--

INSERT INTO `comments` (`id`, `content`, `userId`, `passengerId`, `createdAt`, `updatedAt`) VALUES
(1, 'Nhà xe ổn sẽ ủng hộ!', 1, 1, '2023-10-07 08:05:44', '2023-10-07 08:05:44'),
(2, 'Tuyệt vời ông mặt trời!', 2, 1, '2023-10-07 08:05:44', '2023-10-07 08:05:44'),
(3, 'Nhà xe bình thường!', 3, 1, '2023-10-07 08:05:44', '2023-10-07 08:05:44'),
(4, 'Phục vụ rất tốt', 4, 1, '2023-10-07 08:05:44', '2023-10-07 08:05:44'),
(5, 'Nhà xe ổn sẽ ủng hộ!', 1, 2, '2023-10-07 08:05:44', '2023-10-07 08:05:44'),
(6, 'Tuyệt vời ông mặt trời!', 2, 2, '2023-10-07 08:05:44', '2023-10-07 08:05:44'),
(7, 'Nhà xe bình thường!', 3, 2, '2023-10-07 08:05:44', '2023-10-07 08:05:44'),
(8, 'Phục vụ rất tốt', 4, 2, '2023-10-07 08:05:44', '2023-10-07 08:05:44'),
(9, 'Nhà xe bẩn!', 1, 3, '2023-10-07 08:05:44', '2023-10-07 08:05:44'),
(10, 'Phục vụ chu đáo quan tâm khách hàng!', 2, 3, '2023-10-07 08:05:44', '2023-10-07 08:05:44'),
(11, 'Nhà xe tốt!', 3, 3, '2023-10-07 08:05:44', '2023-10-07 08:05:44'),
(12, 'Phục vụ rất tốt', 4, 3, '2023-10-07 08:05:44', '2023-10-07 08:05:44'),
(13, 'sadasdas', NULL, 3, '2023-12-15 20:21:15', '2023-12-15 20:21:15'),
(14, '123', 7, 1, '2023-12-16 01:05:09', '2023-12-16 01:05:09');

-- --------------------------------------------------------

--
-- Cấu trúc bảng cho bảng `imagevehicles`
--

CREATE TABLE `imagevehicles` (
  `id` int(11) NOT NULL,
  `link` varchar(255) DEFAULT NULL,
  `vehicleId` int(11) DEFAULT NULL,
  `createdAt` datetime NOT NULL,
  `updatedAt` datetime NOT NULL
) ENGINE=InnoDB DEFAULT CHARSET=utf8mb4 COLLATE=utf8mb4_general_ci;

--
-- Đang đổ dữ liệu cho bảng `imagevehicles`
--

INSERT INTO `imagevehicles` (`id`, `link`, `vehicleId`, `createdAt`, `updatedAt`) VALUES
(1, 'https://static.vexere.com/production/images/1601697834452.jpeg', 1, '2023-10-07 08:05:44', '2023-10-07 08:05:44'),
(2, 'https://static.vexere.com/production/images/1592301219051.jpeg', 1, '2023-10-07 08:05:44', '2023-10-07 08:05:44'),
(3, 'https://static.vexere.com/production/images/1592301213663.jpeg', 1, '2023-10-07 08:05:44', '2023-10-07 08:05:44'),
(4, 'https://static.vexere.com/c/i/24288/xe-dream-transport-VeXeRe-aokIaOd-1000x600.jpeg', 2, '2023-10-07 08:05:44', '2023-10-07 08:05:44'),
(5, 'https://static.vexere.com/c/i/24288/xe-dream-transport-VeXeRe-gZnloXL-1000x600.jpeg', 2, '2023-10-07 08:05:44', '2023-10-07 08:05:44'),
(6, 'https://static.vexere.com/c/i/24288/xe-dream-transport-VeXeRe-NJQXVdV-1000x600.jpeg', 2, '2023-10-07 08:05:44', '2023-10-07 08:05:44'),
(7, 'https://static.vexere.com/production/images/1559638552559.jpeg?w=250&h=250', 3, '2023-10-07 08:05:44', '2023-10-07 08:05:44'),
(8, 'https://static.vexere.com/production/images/1559638552559.jpeg', 3, '2023-10-07 08:05:44', '2023-10-07 08:05:44'),
(9, 'https://static.vexere.com/c/i/24288/xe-dream-transport-VeXeRe-NJQXVdV-1000x600.jpeg', 3, '2023-10-07 08:05:44', '2023-10-07 08:05:44'),
(10, 'https://static.vexere.com/production/images/1625830387086.jpeg', 4, '2023-10-07 08:05:44', '2023-10-07 08:05:44'),
(11, 'https://static.vexere.com/production/images/1591774252910.jpeg', 4, '2023-10-07 08:05:44', '2023-10-07 08:05:44'),
(12, 'https://static.vexere.com/production/images/1591774354599.jpeg', 4, '2023-10-07 08:05:44', '2023-10-07 08:05:44'),
(13, 'https://static.vexere.com/c/i/24288/xe-dream-transport-VeXeRe-NJQXVdV-1000x600.jpeg', 5, '2023-10-07 08:05:44', '2023-10-07 08:05:44'),
(14, 'https://static.vexere.com/c/i/24288/xe-dream-transport-VeXeRe-NJQXVdV-1000x600.jpeg', 5, '2023-10-07 08:05:44', '2023-10-07 08:05:44'),
(15, 'https://static.vexere.com/production/images/1591774379941.jpeg', 5, '2023-10-07 08:05:44', '2023-10-07 08:05:44'),
(16, 'https://static.vexere.com/production/images/1560746777956.jpeg', 6, '2023-10-07 08:05:44', '2023-10-07 08:05:44'),
(17, 'https://static.vexere.com/production/images/1588153882012.jpeg', 6, '2023-10-07 08:05:44', '2023-10-07 08:05:44'),
(18, 'https://static.vexere.com/production/images/1591774354599.jpeg', 6, '2023-10-07 08:05:44', '2023-10-07 08:05:44'),
(19, 'https://static.vexere.com/production/images/1591774362185.jpeg', 7, '2023-10-07 08:05:44', '2023-10-07 08:05:44'),
(20, 'https://static.vexere.com/production/images/1575621680371.jpeg', 7, '2023-10-07 08:05:44', '2023-10-07 08:05:44'),
(21, 'https://static.vexere.com/production/images/1575621882224.jpeg', 7, '2023-10-07 08:05:44', '2023-10-07 08:05:44'),
(22, 'https://static.vexere.com/production/images/1577076419733.jpeg', 8, '2023-10-07 08:05:44', '2023-10-07 08:05:44'),
(23, 'https://static.vexere.com/production/images/1559882651187.jpeg', 8, '2023-10-07 08:05:44', '2023-10-07 08:05:44'),
(24, 'https://static.vexere.com/production/images/1636708402322.jpeg', 8, '2023-10-07 08:05:44', '2023-10-07 08:05:44'),
(25, 'https://static.vexere.com/production/images/1636708402322.jpeg', 9, '2023-10-07 08:05:44', '2023-10-07 08:05:44'),
(26, 'https://static.vexere.com/production/images/1636708402147.jpeg', 9, '2023-10-07 08:05:44', '2023-10-07 08:05:44'),
(27, 'https://static.vexere.com/production/images/1559882662605.jpeg', 9, '2023-10-07 08:05:44', '2023-10-07 08:05:44'),
(28, 'https://static.vexere.com/production/images/1620363250861.jpeg', 10, '2023-10-07 08:05:44', '2023-10-07 08:05:44'),
(29, 'https://static.vexere.com/production/images/1620363251243.jpeg', 10, '2023-10-07 08:05:44', '2023-10-07 08:05:44'),
(30, 'https://static.vexere.com/production/images/1620363271706.jpeg', 10, '2023-10-07 08:05:44', '2023-10-07 08:05:44'),
(31, 'http://localhost:8080/public\\images\\imagevehicle\\1702668898540_1675741069455.jpeg', 11, '2023-12-15 19:34:58', '2023-12-15 19:34:58'),
(32, 'http://localhost:8080/public\\images\\imagevehicle\\1702668904094_1675741069455.jpeg', 11, '2023-12-15 19:35:04', '2023-12-15 19:35:04'),
(33, 'http://localhost:8080/public\\images\\imagevehicle\\1702668907551_1675741069344.jpeg', 11, '2023-12-15 19:35:07', '2023-12-15 19:35:07'),
(34, 'http://localhost:8080/public\\images\\imagevehicle\\1702668923241_1675741069455.jpeg', 12, '2023-12-15 19:35:23', '2023-12-15 19:35:23'),
(35, 'http://localhost:8080/public\\images\\imagevehicle\\1702668926062_hinh anh xe.jpeg', 12, '2023-12-15 19:35:26', '2023-12-15 19:35:26'),
(36, 'http://localhost:8080/public\\images\\imagevehicle\\1702668928553_1675741069344.jpeg', 12, '2023-12-15 19:35:28', '2023-12-15 19:35:28'),
(37, 'http://localhost:8080/public\\images\\imagevehicle\\1702668938405_hinh anh xe.jpeg', 14, '2023-12-15 19:35:38', '2023-12-15 19:35:38'),
(38, 'http://localhost:8080/public\\images\\imagevehicle\\1702668941265_1675741069344.jpeg', 14, '2023-12-15 19:35:41', '2023-12-15 19:35:41'),
(39, 'http://localhost:8080/public\\images\\imagevehicle\\1702668943950_1675741069455.jpeg', 14, '2023-12-15 19:35:43', '2023-12-15 19:35:43'),
(40, 'http://localhost:8080/public\\images\\imagevehicle\\1702669756310_vietdang3.jpeg', 16, '2023-12-15 19:49:16', '2023-12-15 19:49:16'),
(41, 'http://localhost:8080/public\\images\\imagevehicle\\1702669760939_vietdang2.jpeg', 16, '2023-12-15 19:49:20', '2023-12-15 19:49:20'),
(42, 'http://localhost:8080/public\\images\\imagevehicle\\1702669763550_vietdang1.jpeg', 16, '2023-12-15 19:49:23', '2023-12-15 19:49:23'),
(43, 'http://localhost:8080/public\\images\\imagevehicle\\1702669779686_vietdang2.jpeg', 18, '2023-12-15 19:49:39', '2023-12-15 19:49:39'),
(44, 'http://localhost:8080/public\\images\\imagevehicle\\1702669783319_vietdang1.jpeg', 18, '2023-12-15 19:49:43', '2023-12-15 19:49:43'),
(45, 'http://localhost:8080/public\\images\\imagevehicle\\1702669786184_vietdang3.jpeg', 18, '2023-12-15 19:49:46', '2023-12-15 19:49:46');

-- --------------------------------------------------------

--
-- Cấu trúc bảng cho bảng `passengercarcompanies`
--

CREATE TABLE `passengercarcompanies` (
  `id` int(11) NOT NULL,
  `name` varchar(255) DEFAULT NULL,
  `description` varchar(255) DEFAULT NULL,
  `imageIntro` varchar(255) DEFAULT NULL,
  `confirmType` varchar(255) DEFAULT NULL,
  `price` float DEFAULT NULL,
  `createdAt` datetime NOT NULL,
  `updatedAt` datetime NOT NULL
) ENGINE=InnoDB DEFAULT CHARSET=utf8mb4 COLLATE=utf8mb4_general_ci;

--
-- Đang đổ dữ liệu cho bảng `passengercarcompanies`
--

INSERT INTO `passengercarcompanies` (`id`, `name`, `description`, `imageIntro`, `confirmType`, `price`, `createdAt`, `updatedAt`) VALUES
(1, 'Xuân Mai', 'Xe khách bình dân giá rẻ', 'https://static.vexere.com/production/images/1601697902998.jpeg?w=250&h=250', 'Xác nhận tức thì', 80000, '2023-10-07 08:05:44', '2023-10-07 08:05:44'),
(2, 'Hùng Cường', 'Xe khách bình dân giá rẻ', 'https://static.vexere.com/production/images/1601697902998.jpeg?w=250&h=250', 'Xác nhận tức thì', 100000, '2023-10-07 08:05:44', '2023-12-15 21:47:10'),
(3, 'Việt Đang', 'Limousine Ghế Vip Massage 8 chỗ', 'https://static.vexere.com/production/images/1610522448264.jpeg?w=250&h=250', 'Xác nhận tức thì', 500000, '2023-10-07 08:05:44', '2023-12-15 21:45:46'),
(4, 'Hải Hoàng', 'Limousine giường phòng 10 chỗ', 'https://static.vexere.com/production/images/1576836788562.jpeg?w=250&h=250', 'Xác nhận tức thì', 400000, '2023-10-07 08:05:44', '2023-12-15 21:46:52'),
(5, 'Thái Hưng', 'Xe Du lịch 16 chỗ đời mới', 'https://static.vexere.com/production/images/1590571040223.jpeg?w=250&h=250', 'Xác nhận tức thì', 200000, '2023-10-07 08:05:44', '2023-12-15 21:46:10'),
(6, 'Ba Châu', 'Xe khách bình dân miền tây', 'http://localhost:8080/public\\images\\passenger\\1702668528146_hinh anh xe.jpeg', 'Xác nhận tức thì', 200000, '2023-12-15 19:28:47', '2023-12-15 21:45:27'),
(7, 'xe phuong trang', '123', 'http://localhost:8080/public\\images\\passenger\\1702688519786_container_logo2.png', 'Xác nhận tức thì', 500000, '2023-12-16 01:01:59', '2023-12-16 01:01:59');

-- --------------------------------------------------------

--
-- Cấu trúc bảng cho bảng `points`
--

CREATE TABLE `points` (
  `id` int(11) NOT NULL,
  `name` varchar(255) DEFAULT NULL,
  `address` varchar(255) DEFAULT NULL,
  `stationId` int(11) DEFAULT NULL,
  `createdAt` datetime NOT NULL,
  `updatedAt` datetime NOT NULL
) ENGINE=InnoDB DEFAULT CHARSET=utf8mb4 COLLATE=utf8mb4_general_ci;

--
-- Đang đổ dữ liệu cho bảng `points`
--

INSERT INTO `points` (`id`, `name`, `address`, `stationId`, `createdAt`, `updatedAt`) VALUES
(1, 'Văn Phòng Đà Nẵng', '75 Thanh Tịnh, Phường Hòa Minh, Liên Chiểu, Đà Nẵng', 1, '2023-10-07 08:05:44', '2023-10-07 08:05:44'),
(2, 'Cổng chính', '201 Tôn Đức Thắng, Phường Hòa Minh, Liên Chiểu, Đà Nẵng', 1, '2023-10-07 08:05:44', '2023-10-07 08:05:44'),
(3, 'Cổng phụ', '292 Đinh Bộ Lĩnh, Phường 26, Bình Thạnh, Hồ Chí Minh', 2, '2023-10-07 08:05:44', '2023-10-07 08:05:44'),
(4, 'Cổng 3 Bến Xe Miền Đông', '292 Đinh Bộ Lĩnh, Phường 26, Bình Thạnh, Hồ Chí Minh', 2, '2023-10-07 08:05:44', '2023-10-07 08:05:44'),
(5, 'Cổng 2 Bến Xe Miền Đông', '292 Đinh Bộ Lĩnh, Phường 26, Bình Thạnh, Hồ Chí Minh', 2, '2023-10-07 08:05:44', '2023-10-07 08:05:44'),
(6, 'Dãy 8 quầy D1- Bến xe miền đông', '292 Đinh Bộ Lĩnh, Phường 26, Bình Thạnh, Hồ Chí Minh', 3, '2023-10-07 08:05:44', '2023-10-07 08:05:44'),
(7, 'Văn Phòng Sài Gòn (có trung chuyển)', '08 Nguyễn Trãi, Phường Phạm Ngũ Lão, Quận 1, Hồ Chí Minh', 3, '2023-10-07 08:05:44', '2023-10-07 08:05:44'),
(8, 'Chợ Đầu Mối Thủ Đức', '141 QL1A, Tam Binh, Thành Phố Thủ Đức, Hồ Chí Minh', 3, '2023-10-07 08:05:44', '2023-10-07 08:05:44'),
(9, 'Huế (Dọc Quốc Lộ 1A)', 'Quốc lộ 1A', 4, '2023-10-07 08:05:44', '2023-10-07 08:05:44'),
(10, 'Văn Phòng Huế', '46 Nguyễn Hữu Thọ', 4, '2023-10-07 08:05:44', '2023-10-07 08:05:44'),
(11, 'Bến xe phía Nam', '97 An Dương Vương', 4, '2023-10-07 08:05:44', '2023-10-07 08:05:44'),
(12, 'Cổng Chính', '46 Nguyễn Hữu Đa', 5, '2023-10-07 08:05:44', '2023-10-07 08:05:44'),
(13, 'Cổng Phụ', '46 Nguyễn Hữu Đa', 5, '2023-10-07 08:05:44', '2023-10-07 08:05:44'),
(14, 'Đường Quốc Lộ', '99 Nguyễn Hữu Cảnh', 5, '2023-10-07 08:05:44', '2023-10-07 08:05:44'),
(15, 'Chợ Lớn', '50 Nguyễn Nhạc', 5, '2023-10-07 08:05:44', '2023-10-07 08:05:44'),
(16, 'Cổng Phụ', '500.Phạm Ngũ Lão', 6, '2023-10-07 08:05:44', '2023-10-07 08:05:44'),
(17, 'Cổng Chính Bến Xe', '500.Phạm Ngũ Lão', 6, '2023-10-07 08:05:44', '2023-10-07 08:05:44'),
(18, 'Chợ Duyên Hải', '50 Nguyễn Nhạc', 6, '2023-10-07 08:05:44', '2023-10-07 08:05:44'),
(19, 'Cổng Chính (có trung chuyển)', 'Quốc lộ 1A, phường Hưng Thạnh, quận Cái Răng, TP. Cần Thơ', 7, '2023-10-07 08:05:44', '2023-10-07 08:05:44'),
(20, 'Cổng Phụ Bến Xe Cần Thơ (có trung chuyển)', 'Quốc lộ 1A, phường Hưng Thạnh, quận Cái Răng, TP. Cần Thơ', 7, '2023-10-07 08:05:44', '2023-10-07 08:05:44'),
(21, 'Chợ Cần Thơ', '999 Hai Bà Trưng', 7, '2023-10-07 08:05:44', '2023-10-07 08:05:44'),
(22, 'Ngã Ba Tây Ninh', 'Đường Quốc Lộ 1A', 8, '2023-10-07 08:05:44', '2023-10-07 08:05:44'),
(23, 'Cổng Chính Bến Xe Tây Ninh', '113 Hứng Thái Hưa', 8, '2023-10-07 08:05:44', '2023-10-07 08:05:44'),
(24, 'Chợ Tây Ninh', '102 Hứng Thái Hưa', 8, '2023-10-07 08:05:44', '2023-10-07 08:05:44'),
(25, 'test231', 'ab c', 1, '2023-12-16 00:52:33', '2023-12-16 00:52:33');

-- --------------------------------------------------------

--
-- Cấu trúc bảng cho bảng `pointtickets`
--

CREATE TABLE `pointtickets` (
  `id` int(11) NOT NULL,
  `typePoint` varchar(255) DEFAULT NULL,
  `timepointId` int(11) DEFAULT NULL,
  `ticketId` int(11) DEFAULT NULL,
  `createdAt` datetime NOT NULL,
  `updatedAt` datetime NOT NULL
) ENGINE=InnoDB DEFAULT CHARSET=utf8mb4 COLLATE=utf8mb4_general_ci;

--
-- Đang đổ dữ liệu cho bảng `pointtickets`
--

INSERT INTO `pointtickets` (`id`, `typePoint`, `timepointId`, `ticketId`, `createdAt`, `updatedAt`) VALUES
(1, 'pickup', 1, 1, '2023-10-07 08:05:44', '2023-10-07 08:05:44'),
(2, 'dropoff', 4, 1, '2023-10-07 08:05:44', '2023-10-07 08:05:44'),
(3, 'pickup', 7, 2, '2023-10-07 08:05:44', '2023-10-07 08:05:44'),
(4, 'dropoff', 9, 2, '2023-10-07 08:05:44', '2023-10-07 08:05:44'),
(5, 'pickup', 7, 3, '2023-10-07 08:05:44', '2023-12-16 00:56:41'),
(6, 'dropoff', 9, 3, '2023-10-07 08:05:44', '2023-12-16 00:56:41'),
(7, 'pickup', 36, 4, '2023-10-07 08:05:44', '2023-10-07 08:05:44'),
(8, 'dropoff', 38, 4, '2023-10-07 08:05:44', '2023-10-07 08:05:44'),
(9, 'pickup', 70, 5, '2023-12-15 20:14:14', '2023-12-15 20:14:14'),
(10, 'dropoff', 71, 5, '2023-12-15 20:14:14', '2023-12-15 20:14:14'),
(11, 'pickup', 70, 6, '2023-12-15 20:15:51', '2023-12-15 20:15:51'),
(12, 'dropoff', 71, 6, '2023-12-15 20:15:51', '2023-12-15 20:15:51'),
(13, 'pickup', 70, 7, '2023-12-15 20:16:27', '2023-12-15 20:16:27'),
(14, 'dropoff', 71, 7, '2023-12-15 20:16:27', '2023-12-15 20:16:27'),
(15, 'pickup', 70, 8, '2023-12-15 20:16:55', '2023-12-15 20:16:55'),
(16, 'dropoff', 71, 8, '2023-12-15 20:16:55', '2023-12-15 20:16:55'),
(17, 'pickup', 70, 9, '2023-12-15 20:19:45', '2023-12-15 20:19:45'),
(18, 'dropoff', 71, 9, '2023-12-15 20:19:45', '2023-12-15 20:19:45'),
(19, 'pickup', 37, 10, '2023-12-15 20:23:36', '2023-12-15 20:23:36'),
(20, 'dropoff', 41, 10, '2023-12-15 20:23:36', '2023-12-15 20:23:36'),
(21, 'pickup', 8, 11, '2023-12-16 00:47:10', '2023-12-16 00:47:10'),
(22, 'dropoff', 11, 11, '2023-12-16 00:47:10', '2023-12-16 00:47:10'),
(23, 'pickup', 30, 12, '2023-12-16 01:07:49', '2023-12-16 01:07:49'),
(24, 'dropoff', 33, 12, '2023-12-16 01:07:50', '2023-12-16 01:07:50'),
(25, 'pickup', 30, 13, '2023-12-16 01:08:03', '2023-12-16 01:08:03'),
(26, 'dropoff', 34, 13, '2023-12-16 01:08:03', '2023-12-16 01:08:03');

-- --------------------------------------------------------

--
-- Cấu trúc bảng cho bảng `rates`
--

CREATE TABLE `rates` (
  `id` int(11) NOT NULL,
  `numberRate` int(11) DEFAULT NULL,
  `userId` int(11) DEFAULT NULL,
  `passengerId` int(11) DEFAULT NULL,
  `createdAt` datetime NOT NULL,
  `updatedAt` datetime NOT NULL
) ENGINE=InnoDB DEFAULT CHARSET=utf8mb4 COLLATE=utf8mb4_general_ci;

--
-- Đang đổ dữ liệu cho bảng `rates`
--

INSERT INTO `rates` (`id`, `numberRate`, `userId`, `passengerId`, `createdAt`, `updatedAt`) VALUES
(1, 1, 1, 1, '2023-10-07 08:05:44', '2023-10-07 08:05:44'),
(2, 4, 1, 3, '2023-10-07 08:05:44', '2023-10-07 08:05:44'),
(3, 3, 2, 5, '2023-10-07 08:05:44', '2023-10-07 08:05:44'),
(4, 4, 3, 3, '2023-10-07 08:05:44', '2023-10-07 08:05:44'),
(5, 2, 1, 1, '2023-10-07 08:05:44', '2023-10-07 08:05:44'),
(6, 3, 3, 2, '2023-10-07 08:05:44', '2023-10-07 08:05:44'),
(7, 5, 1, 3, '2023-10-07 08:05:44', '2023-10-07 08:05:44'),
(8, 2, 1, 4, '2023-10-07 08:05:44', '2023-10-07 08:05:44'),
(9, 5, 2, 2, '2023-10-07 08:05:44', '2023-10-07 08:05:44'),
(10, 2, 3, 1, '2023-10-07 08:05:44', '2023-10-07 08:05:44'),
(11, 3, 4, 2, '2023-10-07 08:05:44', '2023-10-07 08:05:44'),
(12, 2, 3, 3, '2023-10-07 08:05:44', '2023-10-07 08:05:44'),
(13, 3, 2, 3, '2023-10-07 08:05:44', '2023-10-07 08:05:44'),
(14, 2, 1, 3, '2023-10-07 08:05:44', '2023-10-07 08:05:44'),
(15, 2, 1, 4, '2023-10-07 08:05:44', '2023-10-07 08:05:44'),
(16, 5, 2, 2, '2023-10-07 08:05:44', '2023-10-07 08:05:44'),
(17, 2, 3, 1, '2023-10-07 08:05:44', '2023-10-07 08:05:44'),
(18, 3, 4, 2, '2023-10-07 08:05:44', '2023-10-07 08:05:44'),
(19, 2, 3, 3, '2023-10-07 08:05:44', '2023-10-07 08:05:44'),
(20, 3, 2, 3, '2023-10-07 08:05:44', '2023-10-07 08:05:44'),
(21, 4, 4, 3, '2023-10-07 08:05:44', '2023-10-07 08:05:44');

-- --------------------------------------------------------

--
-- Cấu trúc bảng cho bảng `seats`
--

CREATE TABLE `seats` (
  `id` int(11) NOT NULL,
  `name` varchar(255) DEFAULT NULL,
  `status` varchar(255) DEFAULT 'chưa đặt',
  `floor` int(11) DEFAULT NULL,
  `type` varchar(255) DEFAULT NULL,
  `price` float DEFAULT NULL,
  `vehicleId` int(11) DEFAULT NULL,
  `createdAt` datetime NOT NULL,
  `updatedAt` datetime NOT NULL
) ENGINE=InnoDB DEFAULT CHARSET=utf8mb4 COLLATE=utf8mb4_general_ci;

--
-- Đang đổ dữ liệu cho bảng `seats`
--

INSERT INTO `seats` (`id`, `name`, `status`, `floor`, `type`, `price`, `vehicleId`, `createdAt`, `updatedAt`) VALUES
(1, 'Ghế 1', 'chưa đặt', 1, 'bed', 200000, 1, '2023-10-07 08:05:44', '2023-10-07 08:05:44'),
(2, 'Ghế 2', 'chưa đặt', 1, 'bed', 200000, 1, '2023-10-07 08:05:44', '2023-10-07 08:05:44'),
(3, 'Ghế 3', 'chưa đặt', 1, 'bed', 200000, 1, '2023-10-07 08:05:44', '2023-10-07 08:05:44'),
(4, 'Ghế 4', 'chưa đặt', 1, 'bed', 200000, 1, '2023-10-07 08:05:44', '2023-10-07 08:05:44'),
(5, 'Ghế 5', 'đã đặt', 1, 'seat', 200000, 1, '2023-10-07 08:05:44', '2023-10-07 08:05:44'),
(6, 'Ghế 6', 'chưa đặt', 2, 'bed', 200000, 1, '2023-10-07 08:05:44', '2023-10-07 08:05:44'),
(7, 'Ghế 7', 'chưa đặt', 2, 'seat', 200000, 1, '2023-10-07 08:05:44', '2023-10-07 08:05:44'),
(8, 'Ghế 8', 'chưa đặt', 2, 'bed', 200000, 1, '2023-10-07 08:05:44', '2023-10-07 08:05:44'),
(9, 'Ghế 9', 'chưa đặt', 2, 'bed', 200000, 1, '2023-10-07 08:05:44', '2023-10-07 08:05:44'),
(10, 'Ghế 10', 'đã đặt', 2, 'seat', 200000, 1, '2023-10-07 08:05:44', '2023-10-07 08:05:44'),
(11, 'Ghế 1', 'đã đặt', 1, 'seat', 300000, 2, '2023-10-07 08:05:44', '2023-12-15 20:23:36'),
(12, 'Ghế 2', 'chưa đặt', 1, 'seat', 300000, 2, '2023-10-07 08:05:44', '2023-10-07 08:05:44'),
(13, 'Ghế 3', 'chưa đặt', 1, 'seat', 300000, 2, '2023-10-07 08:05:44', '2023-10-07 08:05:44'),
(14, 'Ghế 4', 'chưa đặt', 1, 'seat', 300000, 2, '2023-10-07 08:05:44', '2023-10-07 08:05:44'),
(15, 'Ghế 5', 'đã đặt', 1, 'bed', 350000, 2, '2023-10-07 08:05:44', '2023-10-07 08:05:44'),
(16, 'Ghế 6', 'đã đặt', 2, 'bed', 200000, 2, '2023-10-07 08:05:44', '2023-12-15 20:23:36'),
(17, 'Ghế 7', 'chưa đặt', 2, 'bed', 300000, 2, '2023-10-07 08:05:44', '2023-10-07 08:05:44'),
(18, 'Ghế 8', 'chưa đặt', 2, 'bed', 300000, 2, '2023-10-07 08:05:44', '2023-10-07 08:05:44'),
(19, 'Ghế 9', 'chưa đặt', 2, 'seat', 300000, 2, '2023-10-07 08:05:44', '2023-10-07 08:05:44'),
(20, 'Ghế 10', 'đã đặt', 2, 'seat', 300000, 2, '2023-10-07 08:05:44', '2023-10-07 08:05:44'),
(21, 'Ghế 1', 'đã đặt', 1, 'seat', 300000, 3, '2023-10-07 08:05:44', '2023-12-16 01:07:50'),
(22, 'Ghế 2', 'chưa đặt', 1, 'seat', 300000, 3, '2023-10-07 08:05:44', '2023-10-07 08:05:44'),
(23, 'Ghế 3', 'chưa đặt', 1, 'seat', 300000, 3, '2023-10-07 08:05:44', '2023-10-07 08:05:44'),
(24, 'Ghế 4', 'chưa đặt', 1, 'seat', 300000, 3, '2023-10-07 08:05:44', '2023-10-07 08:05:44'),
(25, 'Ghế 5', 'đã đặt', 1, 'bed', 350000, 3, '2023-10-07 08:05:44', '2023-10-07 08:05:44'),
(26, 'Ghế 6', 'chưa đặt', 2, 'bed', 200000, 3, '2023-10-07 08:05:44', '2023-10-07 08:05:44'),
(27, 'Ghế 7', 'chưa đặt', 2, 'bed', 300000, 3, '2023-10-07 08:05:44', '2023-10-07 08:05:44'),
(28, 'Ghế 8', 'chưa đặt', 2, 'bed', 300000, 3, '2023-10-07 08:05:44', '2023-10-07 08:05:44'),
(29, 'Ghế 9', 'chưa đặt', 2, 'seat', 300000, 3, '2023-10-07 08:05:44', '2023-10-07 08:05:44'),
(30, 'Ghế 10', 'đã đặt', 2, 'seat', 300000, 3, '2023-10-07 08:05:44', '2023-10-07 08:05:44'),
(31, 'Ghế 1', 'đã đặt', 1, 'seat', 300000, 4, '2023-10-07 08:05:44', '2023-10-07 08:05:44'),
(32, 'Ghế 2', 'đã đặt', 1, 'seat', 300000, 4, '2023-10-07 08:05:44', '2023-10-07 08:05:44'),
(33, 'Ghế 3', 'chưa đặt', 1, 'seat', 300000, 4, '2023-10-07 08:05:44', '2023-10-07 08:05:44'),
(34, 'Ghế 4', 'chưa đặt', 1, 'seat', 300000, 4, '2023-10-07 08:05:44', '2023-10-07 08:05:44'),
(35, 'Ghế 5', 'đã đặt', 1, 'bed', 350000, 4, '2023-10-07 08:05:44', '2023-10-07 08:05:44'),
(36, 'Ghế 6', 'chưa đặt', 2, 'bed', 200000, 4, '2023-10-07 08:05:44', '2023-12-16 00:49:02'),
(37, 'Ghế 7', 'chưa đặt', 2, 'bed', 300000, 4, '2023-10-07 08:05:44', '2023-12-16 00:49:02'),
(38, 'Ghế 8', 'chưa đặt', 2, 'bed', 300000, 4, '2023-10-07 08:05:44', '2023-10-07 08:05:44'),
(39, 'Ghế 9', 'chưa đặt', 2, 'seat', 300000, 4, '2023-10-07 08:05:44', '2023-10-07 08:05:44'),
(40, 'Ghế 10', 'đã đặt', 2, 'seat', 300000, 4, '2023-10-07 08:05:44', '2023-10-07 08:05:44'),
(41, 'Ghế 1', 'chưa đặt', 1, 'seat', 300000, 5, '2023-10-07 08:05:44', '2023-10-07 08:05:44'),
(42, 'Ghế 2', 'chưa đặt', 1, 'seat', 300000, 5, '2023-10-07 08:05:44', '2023-10-07 08:05:44'),
(43, 'Ghế 3', 'chưa đặt', 1, 'seat', 300000, 5, '2023-10-07 08:05:44', '2023-10-07 08:05:44'),
(44, 'Ghế 4', 'chưa đặt', 1, 'seat', 300000, 5, '2023-10-07 08:05:44', '2023-10-07 08:05:44'),
(45, 'Ghế 5', 'đã đặt', 1, 'seat', 350000, 5, '2023-10-07 08:05:44', '2023-10-07 08:05:44'),
(46, 'Ghế 6', 'chưa đặt', 2, 'seat', 200000, 5, '2023-10-07 08:05:44', '2023-10-07 08:05:44'),
(47, 'Ghế 7', 'chưa đặt', 2, 'seat', 300000, 5, '2023-10-07 08:05:44', '2023-10-07 08:05:44'),
(48, 'Ghế 8', 'chưa đặt', 2, 'seat', 300000, 5, '2023-10-07 08:05:44', '2023-10-07 08:05:44'),
(49, 'Ghế 9', 'chưa đặt', 2, 'seat', 300000, 5, '2023-10-07 08:05:44', '2023-10-07 08:05:44'),
(50, 'Ghế 10', 'đã đặt', 2, 'seat', 300000, 5, '2023-10-07 08:05:44', '2023-10-07 08:05:44'),
(51, 'Ghế 1', 'chưa đặt', 1, 'seat', 300000, 6, '2023-10-07 08:05:44', '2023-10-07 08:05:44'),
(52, 'Ghế 2', 'chưa đặt', 1, 'seat', 300000, 6, '2023-10-07 08:05:44', '2023-10-07 08:05:44'),
(53, 'Ghế 3', 'chưa đặt', 1, 'seat', 300000, 6, '2023-10-07 08:05:44', '2023-10-07 08:05:44'),
(54, 'Ghế 4', 'chưa đặt', 1, 'seat', 300000, 6, '2023-10-07 08:05:44', '2023-10-07 08:05:44'),
(55, 'Ghế 5', 'đã đặt', 1, 'seat', 350000, 6, '2023-10-07 08:05:44', '2023-10-07 08:05:44'),
(56, 'Ghế 6', 'chưa đặt', 2, 'seat', 200000, 6, '2023-10-07 08:05:44', '2023-10-07 08:05:44'),
(57, 'Ghế 7', 'chưa đặt', 2, 'seat', 300000, 6, '2023-10-07 08:05:44', '2023-10-07 08:05:44'),
(58, 'Ghế 8', 'chưa đặt', 2, 'seat', 300000, 6, '2023-10-07 08:05:44', '2023-10-07 08:05:44'),
(59, 'Ghế 9', 'chưa đặt', 2, 'seat', 300000, 6, '2023-10-07 08:05:44', '2023-10-07 08:05:44'),
(60, 'Ghế 10', 'đã đặt', 2, 'seat', 300000, 7, '2023-10-07 08:05:44', '2023-10-07 08:05:44'),
(61, 'Ghế 1', 'chưa đặt', 1, 'seat', 300000, 7, '2023-10-07 08:05:44', '2023-10-07 08:05:44'),
(62, 'Ghế 2', 'chưa đặt', 1, 'seat', 300000, 7, '2023-10-07 08:05:44', '2023-10-07 08:05:44'),
(63, 'Ghế 3', 'chưa đặt', 1, 'seat', 300000, 7, '2023-10-07 08:05:44', '2023-10-07 08:05:44'),
(64, 'Ghế 4', 'chưa đặt', 1, 'seat', 300000, 7, '2023-10-07 08:05:44', '2023-10-07 08:05:44'),
(65, 'Ghế 5', 'đã đặt', 1, 'seat', 350000, 7, '2023-10-07 08:05:44', '2023-10-07 08:05:44'),
(66, 'Ghế 6', 'chưa đặt', 2, 'seat', 200000, 7, '2023-10-07 08:05:44', '2023-10-07 08:05:44'),
(67, 'Ghế 7', 'chưa đặt', 2, 'seat', 300000, 7, '2023-10-07 08:05:44', '2023-10-07 08:05:44'),
(68, 'Ghế 8', 'chưa đặt', 2, 'seat', 300000, 7, '2023-10-07 08:05:44', '2023-10-07 08:05:44'),
(69, 'Ghế 9', 'chưa đặt', 2, 'seat', 300000, 7, '2023-10-07 08:05:44', '2023-10-07 08:05:44'),
(70, 'Ghế 10', 'đã đặt', 2, 'seat', 300000, 7, '2023-10-07 08:05:44', '2023-10-07 08:05:44'),
(71, 'Ghế 1', 'chưa đặt', 1, 'seat', 300000, 8, '2023-10-07 08:05:44', '2023-10-07 08:05:44'),
(72, 'Ghế 2', 'chưa đặt', 1, 'seat', 300000, 8, '2023-10-07 08:05:44', '2023-10-07 08:05:44'),
(73, 'Ghế 3', 'chưa đặt', 1, 'seat', 300000, 8, '2023-10-07 08:05:44', '2023-10-07 08:05:44'),
(74, 'Ghế 4', 'chưa đặt', 1, 'seat', 300000, 8, '2023-10-07 08:05:44', '2023-10-07 08:05:44'),
(75, 'Ghế 5', 'đã đặt', 1, 'seat', 350000, 8, '2023-10-07 08:05:44', '2023-10-07 08:05:44'),
(76, 'Ghế 6', 'chưa đặt', 2, 'seat', 200000, 8, '2023-10-07 08:05:44', '2023-10-07 08:05:44'),
(77, 'Ghế 7', 'chưa đặt', 2, 'seat', 300000, 8, '2023-10-07 08:05:44', '2023-10-07 08:05:44'),
(78, 'Ghế 8', 'chưa đặt', 2, 'seat', 300000, 8, '2023-10-07 08:05:44', '2023-10-07 08:05:44'),
(79, 'Ghế 9', 'chưa đặt', 2, 'seat', 300000, 8, '2023-10-07 08:05:44', '2023-10-07 08:05:44'),
(80, 'Ghế 10', 'đã đặt', 2, 'seat', 300000, 8, '2023-10-07 08:05:44', '2023-10-07 08:05:44'),
(81, 'Ghế 1', 'chưa đặt', 1, 'seat', 300000, 9, '2023-10-07 08:05:44', '2023-10-07 08:05:44'),
(82, 'Ghế 2', 'chưa đặt', 1, 'seat', 300000, 9, '2023-10-07 08:05:44', '2023-10-07 08:05:44'),
(83, 'Ghế 3', 'chưa đặt', 1, 'seat', 300000, 9, '2023-10-07 08:05:44', '2023-10-07 08:05:44'),
(84, 'Ghế 4', 'chưa đặt', 1, 'seat', 300000, 9, '2023-10-07 08:05:44', '2023-10-07 08:05:44'),
(85, 'Ghế 5', 'đã đặt', 1, 'seat', 350000, 9, '2023-10-07 08:05:44', '2023-10-07 08:05:44'),
(86, 'Ghế 6', 'chưa đặt', 1, 'seat', 200000, 9, '2023-10-07 08:05:44', '2023-10-07 08:05:44'),
(87, 'Ghế 7', 'chưa đặt', 1, 'seat', 300000, 9, '2023-10-07 08:05:44', '2023-10-07 08:05:44'),
(88, 'Ghế 8', 'chưa đặt', 1, 'seat', 300000, 9, '2023-10-07 08:05:44', '2023-10-07 08:05:44'),
(89, 'Ghế 9', 'chưa đặt', 1, 'seat', 300000, 9, '2023-10-07 08:05:44', '2023-10-07 08:05:44'),
(90, 'Ghế 10', 'đã đặt', 1, 'seat', 300000, 9, '2023-10-07 08:05:44', '2023-10-07 08:05:44'),
(91, 'Ghế 1', 'chưa đặt', 1, 'seat', 300000, 10, '2023-10-07 08:05:44', '2023-10-07 08:05:44'),
(92, 'Ghế 2', 'chưa đặt', 1, 'seat', 300000, 10, '2023-10-07 08:05:44', '2023-10-07 08:05:44'),
(93, 'Ghế 3', 'chưa đặt', 1, 'seat', 300000, 10, '2023-10-07 08:05:44', '2023-10-07 08:05:44'),
(94, 'Ghế 4', 'chưa đặt', 1, 'seat', 300000, 10, '2023-10-07 08:05:44', '2023-10-07 08:05:44'),
(95, 'Ghế 5', 'đã đặt', 1, 'seat', 350000, 10, '2023-10-07 08:05:44', '2023-10-07 08:05:44'),
(96, 'Ghế 6', 'chưa đặt', 1, 'seat', 200000, 10, '2023-10-07 08:05:44', '2023-10-07 08:05:44'),
(97, 'Ghế 7', 'chưa đặt', 1, 'seat', 300000, 10, '2023-10-07 08:05:44', '2023-10-07 08:05:44'),
(98, 'Ghế 8', 'chưa đặt', 1, 'seat', 300000, 10, '2023-10-07 08:05:44', '2023-10-07 08:05:44'),
(99, 'Ghế 9', 'chưa đặt', 1, 'seat', 300000, 10, '2023-10-07 08:05:44', '2023-10-07 08:05:44'),
(100, 'Ghế 10', 'đã đặt', 1, 'seat', 300000, 10, '2023-10-07 08:05:44', '2023-10-07 08:05:44'),
(101, 'Ghế 1', 'chưa đặt', 1, 'seat', 300000, 11, '2023-10-07 08:05:44', '2023-10-07 08:05:44'),
(102, 'Ghế 2', 'chưa đặt', 1, 'seat', 300000, 11, '2023-10-07 08:05:44', '2023-10-07 08:05:44'),
(103, 'Ghế 3', 'chưa đặt', 1, 'seat', 300000, 11, '2023-10-07 08:05:44', '2023-10-07 08:05:44'),
(104, 'Ghế 4', 'chưa đặt', 1, 'seat', 300000, 11, '2023-10-07 08:05:44', '2023-10-07 08:05:44'),
(105, 'Ghế 5', 'đã đặt', 1, 'seat', 350000, 11, '2023-10-07 08:05:44', '2023-10-07 08:05:44'),
(106, 'Ghế 6', 'chưa đặt', 1, 'seat', 200000, 11, '2023-10-07 08:05:44', '2023-10-07 08:05:44'),
(107, 'Ghế 7', 'chưa đặt', 1, 'seat', 300000, 11, '2023-10-07 08:05:44', '2023-10-07 08:05:44'),
(108, 'Ghế 8', 'chưa đặt', 1, 'seat', 300000, 11, '2023-10-07 08:05:44', '2023-10-07 08:05:44'),
(109, 'Ghế 9', 'chưa đặt', 1, 'seat', 300000, 11, '2023-10-07 08:05:44', '2023-10-07 08:05:44'),
(110, 'Ghế 10', 'đã đặt', 1, 'seat', 300000, 11, '2023-10-07 08:05:44', '2023-10-07 08:05:44'),
(111, 'Ghế 1', 'chưa đặt', 1, 'seat', 200000, 12, '2023-12-15 19:32:29', '2023-12-15 19:32:29'),
(112, 'Ghế 2', 'chưa đặt', 1, 'seat', 200000, 12, '2023-12-15 19:32:29', '2023-12-15 19:32:29'),
(113, 'Ghế 3', 'chưa đặt', 1, 'seat', 200000, 12, '2023-12-15 19:32:29', '2023-12-15 19:32:29'),
(114, 'Ghế 4', 'chưa đặt', 1, 'seat', 200000, 12, '2023-12-15 19:32:29', '2023-12-15 19:32:29'),
(115, 'Ghế 5', 'chưa đặt', 1, 'seat', 200000, 12, '2023-12-15 19:32:29', '2023-12-15 19:32:29'),
(116, 'Ghế 6', 'chưa đặt', 1, 'seat', 200000, 12, '2023-12-15 19:32:29', '2023-12-15 19:32:29'),
(117, 'Ghế 7', 'chưa đặt', 1, 'seat', 200000, 12, '2023-12-15 19:32:29', '2023-12-15 19:32:29'),
(118, 'Ghế 1', 'đã đặt', 1, 'bed', 350000, 16, '2023-12-15 19:53:04', '2023-12-15 20:14:14'),
(119, 'Ghế 2', 'đã đặt', 1, 'bed', 350000, 16, '2023-12-15 19:53:04', '2023-12-15 20:14:14'),
(120, 'Ghế 3', 'đã đặt', 1, 'bed', 350000, 16, '2023-12-15 19:53:04', '2023-12-15 20:15:51'),
(121, 'Ghế 4', 'đã đặt', 1, 'bed', 350000, 16, '2023-12-15 19:53:04', '2023-12-15 20:14:14'),
(122, 'Ghế 5', 'đã đặt', 1, 'bed', 350000, 16, '2023-12-15 19:53:04', '2023-12-15 20:15:51'),
(123, 'Ghế 6', 'chưa đặt', 1, 'bed', 350000, 16, '2023-12-15 19:53:04', '2023-12-15 19:53:04'),
(124, 'Ghế 7', 'đã đặt', 1, 'bed', 350000, 16, '2023-12-15 19:53:04', '2023-12-15 20:15:51'),
(125, 'Ghế 8', 'đã đặt', 2, 'bed', 350000, 16, '2023-12-15 19:53:04', '2023-12-15 20:16:27'),
(126, 'Ghế 9', 'đã đặt', 2, 'bed', 300000, 16, '2023-12-15 19:53:04', '2023-12-15 20:19:45'),
(127, 'Ghế 10', 'chưa đặt', 2, 'bed', 300000, 16, '2023-12-15 19:53:04', '2023-12-15 19:53:04'),
(128, 'Ghế 11', 'chưa đặt', 2, 'bed', 300000, 16, '2023-12-15 19:53:04', '2023-12-15 19:53:04'),
(129, 'Ghế 12', 'chưa đặt', 2, 'bed', 300000, 16, '2023-12-15 19:53:04', '2023-12-15 19:53:04'),
(130, 'Ghế 13', 'đã đặt', 2, 'bed', 300000, 16, '2023-12-15 19:53:04', '2023-12-15 20:16:55'),
(131, 'Ghế 14', 'đã đặt', 2, 'bed', 300000, 16, '2023-12-15 19:53:04', '2023-12-15 20:16:55'),
(132, 'Ghế 15', 'đã đặt', 2, 'bed', 300000, 16, '2023-12-15 19:53:04', '2023-12-15 20:16:55'),
(133, 'Ghế 1', 'chưa đặt', 1, 'bed', 350000, 18, '2023-12-15 19:53:38', '2023-12-15 19:53:38'),
(134, 'Ghế 2', 'chưa đặt', 1, 'bed', 350000, 18, '2023-12-15 19:53:38', '2023-12-15 19:53:38'),
(135, 'Ghế 3', 'chưa đặt', 1, 'bed', 350000, 18, '2023-12-15 19:53:38', '2023-12-15 19:53:38'),
(136, 'Ghế 4', 'chưa đặt', 1, 'bed', 350000, 18, '2023-12-15 19:53:38', '2023-12-15 19:53:38'),
(137, 'Ghế 5', 'chưa đặt', 1, 'bed', 350000, 18, '2023-12-15 19:53:38', '2023-12-15 19:53:38'),
(138, 'Ghế 6', 'chưa đặt', 1, 'bed', 350000, 18, '2023-12-15 19:53:38', '2023-12-15 19:53:38'),
(139, 'Ghế 7', 'chưa đặt', 1, 'bed', 350000, 18, '2023-12-15 19:53:38', '2023-12-15 19:53:38'),
(140, 'Ghế 8', 'chưa đặt', 2, 'bed', 350000, 18, '2023-12-15 19:53:38', '2023-12-15 19:53:38'),
(141, 'Ghế 9', 'chưa đặt', 2, 'bed', 300000, 18, '2023-12-15 19:53:38', '2023-12-15 19:53:38'),
(142, 'Ghế 10', 'chưa đặt', 2, 'bed', 300000, 18, '2023-12-15 19:53:38', '2023-12-15 19:53:38'),
(143, 'Ghế 11', 'chưa đặt', 2, 'bed', 300000, 18, '2023-12-15 19:53:38', '2023-12-15 19:53:38'),
(144, 'Ghế 12', 'chưa đặt', 2, 'bed', 300000, 18, '2023-12-15 19:53:38', '2023-12-15 19:53:38'),
(145, 'Ghế 13', 'chưa đặt', 2, 'bed', 300000, 18, '2023-12-15 19:53:38', '2023-12-15 19:53:38'),
(146, 'Ghế 14', 'chưa đặt', 2, 'bed', 300000, 18, '2023-12-15 19:53:38', '2023-12-15 19:53:38'),
(147, 'Ghế 15', 'chưa đặt', 2, 'bed', 300000, 18, '2023-12-15 19:53:38', '2023-12-15 19:53:38'),
(148, 'Ghe 1', 'chưa đặt', 1, 'seat', 250000, 14, '2023-12-16 00:54:37', '2023-12-16 00:54:37'),
(149, 'Ghe 2', 'chưa đặt', 1, 'seat', 250000, 14, '2023-12-16 00:54:37', '2023-12-16 00:54:37'),
(150, 'Ghe 3', 'chưa đặt', 1, 'seat', 250000, 14, '2023-12-16 00:54:37', '2023-12-16 00:54:37'),
(151, 'Ghe 4', 'chưa đặt', 1, 'seat', 250000, 14, '2023-12-16 00:54:37', '2023-12-16 00:54:37');

-- --------------------------------------------------------

--
-- Cấu trúc bảng cho bảng `seattickets`
--

CREATE TABLE `seattickets` (
  `id` int(11) NOT NULL,
  `ticketId` int(11) DEFAULT NULL,
  `seatId` int(11) DEFAULT NULL,
  `createdAt` datetime NOT NULL,
  `updatedAt` datetime NOT NULL
) ENGINE=InnoDB DEFAULT CHARSET=utf8mb4 COLLATE=utf8mb4_general_ci;

--
-- Đang đổ dữ liệu cho bảng `seattickets`
--

INSERT INTO `seattickets` (`id`, `ticketId`, `seatId`, `createdAt`, `updatedAt`) VALUES
(1, 1, 5, '2023-10-07 08:05:44', '2023-10-07 08:05:44'),
(2, 1, 10, '2023-10-07 08:05:44', '2023-10-07 08:05:44'),
(3, 2, 35, '2023-10-07 08:05:44', '2023-10-07 08:05:44'),
(4, 2, 40, '2023-10-07 08:05:44', '2023-10-07 08:05:44'),
(5, 3, 31, '2023-10-07 08:05:44', '2023-10-07 08:05:44'),
(6, 3, 32, '2023-10-07 08:05:44', '2023-10-07 08:05:44'),
(7, 4, 15, '2023-10-07 08:05:44', '2023-10-07 08:05:44'),
(8, 4, 20, '2023-10-07 08:05:44', '2023-10-07 08:05:44'),
(9, 5, 118, '2023-12-15 20:14:14', '2023-12-15 20:14:14'),
(10, 5, 119, '2023-12-15 20:14:14', '2023-12-15 20:14:14'),
(11, 5, 121, '2023-12-15 20:14:14', '2023-12-15 20:14:14'),
(12, 6, 120, '2023-12-15 20:15:51', '2023-12-15 20:15:51'),
(13, 6, 122, '2023-12-15 20:15:51', '2023-12-15 20:15:51'),
(14, 6, 124, '2023-12-15 20:15:51', '2023-12-15 20:15:51'),
(15, 7, 125, '2023-12-15 20:16:27', '2023-12-15 20:16:27'),
(16, 8, 131, '2023-12-15 20:16:55', '2023-12-15 20:16:55'),
(17, 8, 130, '2023-12-15 20:16:55', '2023-12-15 20:16:55'),
(18, 8, 132, '2023-12-15 20:16:55', '2023-12-15 20:16:55'),
(19, 9, 126, '2023-12-15 20:19:45', '2023-12-15 20:19:45'),
(20, 10, 11, '2023-12-15 20:23:36', '2023-12-15 20:23:36'),
(21, 10, 16, '2023-12-15 20:23:36', '2023-12-15 20:23:36'),
(22, 11, 36, '2023-12-16 00:47:11', '2023-12-16 00:47:11'),
(23, 11, 37, '2023-12-16 00:47:11', '2023-12-16 00:47:11'),
(24, 12, 21, '2023-12-16 01:07:50', '2023-12-16 01:07:50'),
(25, 13, 21, '2023-12-16 01:08:03', '2023-12-16 01:08:03');

-- --------------------------------------------------------

--
-- Cấu trúc bảng cho bảng `sequelizemeta`
--

CREATE TABLE `sequelizemeta` (
  `name` varchar(255) NOT NULL
) ENGINE=InnoDB DEFAULT CHARSET=utf8 COLLATE=utf8_unicode_ci;

--
-- Đang đổ dữ liệu cho bảng `sequelizemeta`
--

INSERT INTO `sequelizemeta` (`name`) VALUES
('20230807024123-create-station.js'),
('20230808062908-create-user.js'),
('20230812155731-create-passenger-car-company.js'),
('20230812155732-create-vehicles.js'),
('20230812155733-create-trip.js'),
('20230812155735-create-trip-passenger.js'),
('20230814152808-create-ticket.js'),
('20230815075847-create-seats.js'),
('20230815093803-create-image-vehicle.js'),
('20230815143347-create-comment.js'),
('20230815154424-create-rate.js'),
('20230823152534-create-point.js'),
('20230902152444-create-seat-ticket.js'),
('20230921050554-create-time-point.js'),
('20230921050555-create-point-ticket.js');

-- --------------------------------------------------------

--
-- Cấu trúc bảng cho bảng `stations`
--

CREATE TABLE `stations` (
  `id` int(11) NOT NULL,
  `name` varchar(255) DEFAULT NULL,
  `address` varchar(255) DEFAULT NULL,
  `province` varchar(255) DEFAULT NULL,
  `createdAt` datetime NOT NULL,
  `updatedAt` datetime NOT NULL
) ENGINE=InnoDB DEFAULT CHARSET=utf8mb4 COLLATE=utf8mb4_general_ci;

--
-- Đang đổ dữ liệu cho bảng `stations`
--

INSERT INTO `stations` (`id`, `name`, `address`, `province`, `createdAt`, `updatedAt`) VALUES
(1, 'Bến xe Đà Nẵng', 'Tôn Đức Thắng, Hoà Minh, Liên Chiểu', 'Đà Nẵng', '2023-07-07 08:05:44', '2023-07-07 08:05:44'),
(2, 'Bến Xe Miền Đông', 'Phường 26, Bình Thạnh', 'Hồ Chí Minh', '2023-07-07 08:05:44', '2023-07-07 08:05:44'),
(3, 'Bến Xe Miền Tây', '395 Kinh Dương Vương, An Lạc, Bình Tân', 'Hồ Chí Minh', '2023-07-07 08:05:44', '2023-07-07 08:05:44'),
(4, 'Bến Xe Miền Bắc', '132 Lý Thái Tổ, An Hòa, Thừa Thiên Huế', 'Huế', '2023-07-07 08:05:44', '2023-07-07 08:05:44'),
(5, 'Bến xe Trà Vinh', ' 392 Phạm Cự Lượng', 'Trà Vinh', '2023-07-07 08:05:44', '2023-12-15 19:23:40'),
(6, 'Bến xe Duyên Hải', ' Thị xã Duyên Hải', 'Trà Vinh', '2023-07-07 08:05:44', '2023-07-07 08:05:44'),
(7, 'Bến xe Cần Thơ', 'Trung tâm thành phố', 'Cần Thơ', '2023-07-07 08:05:44', '2023-07-07 08:05:44'),
(8, 'Bến xe Tây Ninh', '500 Nguyễn Sinh Sắc', 'Tây Ninh', '2023-07-07 08:05:44', '2023-07-07 08:05:44');

-- --------------------------------------------------------

--
-- Cấu trúc bảng cho bảng `tickets`
--

CREATE TABLE `tickets` (
  `id` int(11) NOT NULL,
  `note` varchar(255) DEFAULT NULL,
  `status` varchar(255) DEFAULT 'confirm',
  `totalAmount` float DEFAULT NULL,
  `user_id` int(11) DEFAULT NULL,
  `tripPassengerId` int(11) DEFAULT NULL,
  `createdAt` datetime NOT NULL,
  `updatedAt` datetime NOT NULL
) ENGINE=InnoDB DEFAULT CHARSET=utf8mb4 COLLATE=utf8mb4_general_ci;

--
-- Đang đổ dữ liệu cho bảng `tickets`
--

INSERT INTO `tickets` (`id`, `note`, `status`, `totalAmount`, `user_id`, `tripPassengerId`, `createdAt`, `updatedAt`) VALUES
(1, NULL, 'confirm', 400000, 1, 1, '2023-10-07 08:05:44', '2023-10-07 08:05:44'),
(2, NULL, 'confirm', 500000, 2, 2, '2023-10-07 08:05:44', '2023-10-07 08:05:44'),
(3, NULL, 'confirm', 800000, 3, 2, '2023-10-07 08:05:44', '2023-12-16 00:56:45'),
(4, NULL, 'confirm', 700000, 4, 5, '2023-10-07 08:05:44', '2023-10-07 08:05:44'),
(5, '', 'confirm', 1050000, 10, 14, '2023-12-15 20:14:14', '2023-12-15 20:14:14'),
(6, 'asdasd', 'confirm', 1050000, 11, 14, '2023-12-15 20:15:50', '2023-12-15 20:15:50'),
(7, '', 'confirm', 350000, 6, 14, '2023-12-15 20:16:27', '2023-12-15 20:16:27'),
(8, '', 'confirm', 900000, 7, 14, '2023-12-15 20:16:55', '2023-12-15 20:16:55'),
(9, 'z111', 'confirm', 300000, 12, 14, '2023-12-15 20:19:44', '2023-12-15 20:19:44'),
(10, '', 'confirm', 500000, 7, 5, '2023-12-15 20:23:36', '2023-12-15 20:23:36'),
(11, '', 'cancel', 500000, 7, 2, '2023-12-16 00:47:10', '2023-12-16 00:49:02'),
(12, '', 'confirm', 300000, 13, 4, '2023-12-16 01:07:49', '2023-12-16 01:07:49'),
(13, '', 'confirm', 300000, 7, 4, '2023-12-16 01:08:03', '2023-12-16 01:08:03');

-- --------------------------------------------------------

--
-- Cấu trúc bảng cho bảng `timepoints`
--

CREATE TABLE `timepoints` (
  `id` int(11) NOT NULL,
  `time` time DEFAULT NULL,
  `type` varchar(255) DEFAULT NULL,
  `pointId` int(11) DEFAULT NULL,
  `tripPassengerId` int(11) DEFAULT NULL,
  `createdAt` datetime NOT NULL,
  `updatedAt` datetime NOT NULL
) ENGINE=InnoDB DEFAULT CHARSET=utf8mb4 COLLATE=utf8mb4_general_ci;

--
-- Đang đổ dữ liệu cho bảng `timepoints`
--

INSERT INTO `timepoints` (`id`, `time`, `type`, `pointId`, `tripPassengerId`, `createdAt`, `updatedAt`) VALUES
(1, '08:30:00', 'pickup', 1, 1, '2023-10-07 08:05:44', '2023-10-07 08:05:44'),
(2, '08:30:00', 'pickup', 2, 1, '2023-10-07 08:05:44', '2023-10-07 08:05:44'),
(3, '08:00:00', 'pickup', 1, 1, '2023-10-07 08:05:44', '2023-10-07 08:05:44'),
(4, '14:00:00', 'dropoff', 6, 1, '2023-10-07 08:05:44', '2023-10-07 08:05:44'),
(5, '14:00:00', 'dropoff', 7, 1, '2023-10-07 08:05:44', '2023-10-07 08:05:44'),
(6, '14:00:00', 'dropoff', 8, 1, '2023-10-07 08:05:44', '2023-10-07 08:05:44'),
(7, '14:00:00', 'pickup', 6, 2, '2023-10-07 08:05:44', '2023-10-07 08:05:44'),
(8, '15:00:00', 'pickup', 7, 2, '2023-10-07 08:05:44', '2023-10-07 08:05:44'),
(9, '15:00:00', 'pickup', 8, 2, '2023-10-07 08:05:44', '2023-10-07 08:05:44'),
(10, '18:00:00', 'dropoff', 9, 2, '2023-10-07 08:05:44', '2023-10-07 08:05:44'),
(11, '18:00:00', 'dropoff', 10, 2, '2023-10-07 08:05:44', '2023-10-07 08:05:44'),
(12, '18:00:00', 'dropoff', 11, 2, '2023-10-07 08:05:44', '2023-10-07 08:05:44'),
(13, '14:00:00', 'pickup', 6, 3, '2023-10-07 08:05:44', '2023-10-07 08:05:44'),
(14, '15:00:00', 'pickup', 7, 3, '2023-10-07 08:05:44', '2023-10-07 08:05:44'),
(15, '15:00:00', 'pickup', 8, 3, '2023-10-07 08:05:44', '2023-10-07 08:05:44'),
(16, '18:00:00', 'dropoff', 9, 3, '2023-10-07 08:05:44', '2023-10-07 08:05:44'),
(17, '18:00:00', 'dropoff', 10, 3, '2023-10-07 08:05:44', '2023-10-07 08:05:44'),
(18, '18:00:00', 'dropoff', 11, 3, '2023-10-07 08:05:44', '2023-10-07 08:05:44'),
(19, '08:30:00', 'pickup', 1, 1, '2023-10-07 08:05:44', '2023-10-07 08:05:44'),
(20, '08:30:00', 'pickup', 2, 1, '2023-10-07 08:05:44', '2023-10-07 08:05:44'),
(21, '14:00:00', 'dropoff', 6, 1, '2023-10-07 08:05:44', '2023-10-07 08:05:44'),
(22, '14:00:00', 'dropoff', 7, 1, '2023-10-07 08:05:44', '2023-10-07 08:05:44'),
(23, '14:00:00', 'dropoff', 8, 1, '2023-10-07 08:05:44', '2023-10-07 08:05:44'),
(24, '17:30:00', 'pickup', 6, 3, '2023-10-07 08:05:44', '2023-10-07 08:05:44'),
(25, '17:30:00', 'pickup', 7, 3, '2023-10-07 08:05:44', '2023-10-07 08:05:44'),
(26, '17:30:00', 'pickup', 8, 3, '2023-10-07 08:05:44', '2023-10-07 08:05:44'),
(27, '23:00:00', 'dropoff', 9, 3, '2023-10-07 08:05:44', '2023-10-07 08:05:44'),
(28, '23:00:00', 'dropoff', 10, 3, '2023-10-07 08:05:44', '2023-10-07 08:05:44'),
(29, '23:00:00', 'dropoff', 11, 3, '2023-10-07 08:05:44', '2023-10-07 08:05:44'),
(30, '07:30:00', 'pickup', 6, 4, '2023-10-07 08:05:44', '2023-10-07 08:05:44'),
(31, '07:30:00', 'pickup', 7, 4, '2023-10-07 08:05:44', '2023-10-07 08:05:44'),
(32, '07:15:00', 'pickup', 8, 4, '2023-10-07 08:05:44', '2023-10-07 08:05:44'),
(33, '17:00:00', 'dropoff', 9, 4, '2023-10-07 08:05:44', '2023-10-07 08:05:44'),
(34, '17:00:00', 'dropoff', 10, 4, '2023-10-07 08:05:44', '2023-10-07 08:05:44'),
(35, '17:00:00', 'dropoff', 11, 4, '2023-10-07 08:05:44', '2023-10-07 08:05:44'),
(36, '08:30:00', 'pickup', 6, 5, '2023-10-07 08:05:44', '2023-10-07 08:05:44'),
(37, '08:30:00', 'pickup', 7, 5, '2023-10-07 08:05:44', '2023-10-07 08:05:44'),
(38, '08:15:00', 'pickup', 8, 5, '2023-10-07 08:05:44', '2023-10-07 08:05:44'),
(39, '18:00:00', 'dropoff', 9, 5, '2023-10-07 08:05:44', '2023-10-07 08:05:44'),
(40, '18:00:00', 'dropoff', 10, 5, '2023-10-07 08:05:44', '2023-10-07 08:05:44'),
(41, '18:00:00', 'dropoff', 11, 5, '2023-10-07 08:05:44', '2023-10-07 08:05:44'),
(42, '06:30:00', 'pickup', 6, 6, '2023-10-07 08:05:44', '2023-10-07 08:05:44'),
(43, '06:30:00', 'pickup', 7, 6, '2023-10-07 08:05:44', '2023-10-07 08:05:44'),
(44, '06:15:00', 'pickup', 8, 6, '2023-10-07 08:05:44', '2023-10-07 08:05:44'),
(45, '16:00:00', 'dropoff', 9, 6, '2023-10-07 08:05:44', '2023-10-07 08:05:44'),
(46, '16:00:00', 'dropoff', 10, 6, '2023-10-07 08:05:44', '2023-10-07 08:05:44'),
(47, '16:00:00', 'dropoff', 11, 6, '2023-10-07 08:05:44', '2023-10-07 08:05:44'),
(48, '13:00:00', 'pickup', 6, 7, '2023-10-07 08:05:44', '2023-10-07 08:05:44'),
(49, '13:00:00', 'pickup', 7, 7, '2023-10-07 08:05:44', '2023-10-07 08:05:44'),
(50, '13:00:00', 'pickup', 8, 7, '2023-10-07 08:05:44', '2023-10-07 08:05:44'),
(51, '19:00:00', 'dropoff', 9, 7, '2023-10-07 08:05:44', '2023-10-07 08:05:44'),
(52, '19:00:00', 'dropoff', 10, 7, '2023-10-07 08:05:44', '2023-10-07 08:05:44'),
(53, '19:00:00', 'dropoff', 11, 7, '2023-10-07 08:05:44', '2023-10-07 08:05:44'),
(60, '13:00:00', 'pickup', 6, 9, '2023-10-07 08:05:44', '2023-10-07 08:05:44'),
(61, '13:00:00', 'pickup', 7, 9, '2023-10-07 08:05:44', '2023-10-07 08:05:44'),
(62, '13:00:00', 'pickup', 8, 9, '2023-10-07 08:05:44', '2023-10-07 08:05:44'),
(63, '20:00:00', 'dropoff', 12, 9, '2023-10-07 08:05:44', '2023-10-07 08:05:44'),
(64, '20:00:00', 'dropoff', 13, 9, '2023-10-07 08:05:44', '2023-10-07 08:05:44'),
(65, '20:00:00', 'dropoff', 14, 9, '2023-10-07 08:05:44', '2023-10-07 08:05:44'),
(70, '01:00:00', 'pickup', 13, 14, '2023-12-15 19:55:29', '2023-12-15 19:55:29'),
(71, '07:00:00', 'dropoff', 8, 14, '2023-12-15 19:55:29', '2023-12-15 19:55:29'),
(78, '06:00:34', 'pickup', 19, 18, '2023-12-16 00:58:04', '2023-12-16 00:58:04'),
(79, '06:00:43', 'pickup', 20, 18, '2023-12-16 00:58:04', '2023-12-16 00:58:04'),
(80, '09:00:45', 'dropoff', 17, 18, '2023-12-16 00:58:04', '2023-12-16 00:58:04'),
(81, '00:00:00', 'dropoff', 18, 18, '2023-12-16 00:58:04', '2023-12-16 00:58:04');

-- --------------------------------------------------------

--
-- Cấu trúc bảng cho bảng `trippassengers`
--

CREATE TABLE `trippassengers` (
  `id` int(11) NOT NULL,
  `tripId` int(11) DEFAULT NULL,
  `passengerId` int(11) DEFAULT NULL,
  `startTime` time DEFAULT NULL,
  `endTime` time DEFAULT NULL,
  `status` varchar(255) DEFAULT 'depart',
  `vehicleId` int(11) DEFAULT NULL,
  `createdAt` datetime NOT NULL,
  `updatedAt` datetime NOT NULL
) ENGINE=InnoDB DEFAULT CHARSET=utf8mb4 COLLATE=utf8mb4_general_ci;

--
-- Đang đổ dữ liệu cho bảng `trippassengers`
--

INSERT INTO `trippassengers` (`id`, `tripId`, `passengerId`, `startTime`, `endTime`, `status`, `vehicleId`, `createdAt`, `updatedAt`) VALUES
(1, 1, 2, '08:30:00', '14:00:00', 'depart', 1, '2023-10-07 08:05:44', '2023-10-07 08:05:44'),
(2, 2, 3, '14:30:00', '18:00:00', 'depart', 4, '2023-10-07 08:05:44', '2023-10-07 08:05:44'),
(3, 2, 4, '17:30:00', '23:00:00', 'depart', 5, '2023-10-07 08:05:44', '2023-10-07 08:05:44'),
(4, 2, 1, '07:30:00', '17:00:00', 'depart', 3, '2023-10-07 08:05:44', '2023-10-07 08:05:44'),
(5, 2, 2, '08:30:00', '18:00:00', 'depart', 2, '2023-10-07 08:05:44', '2023-10-07 08:05:44'),
(6, 2, 5, '06:30:00', '16:00:00', 'progress', 6, '2023-10-07 08:05:44', '2023-12-15 21:46:10'),
(7, 2, 5, '13:00:00', '19:00:00', 'depart', 9, '2023-10-07 08:05:44', '2023-10-07 08:05:44'),
(9, 3, 2, '13:30:00', '20:00:00', 'depart', 2, '2023-10-07 08:05:44', '2023-10-07 08:05:44'),
(10, 3, 3, '07:45:00', '16:45:00', 'depart', 5, '2023-10-07 08:05:44', '2023-10-07 08:05:44'),
(11, 4, 4, '06:30:00', '15:00:00', 'progress', 5, '2023-10-07 08:05:44', '2023-12-15 21:46:52'),
(12, 5, 2, '08:30:00', '14:00:00', 'cancel', 1, '2023-10-07 08:05:44', '2023-12-15 21:47:10'),
(14, 7, 3, '01:12:00', '07:12:00', 'success', 16, '2023-12-15 19:55:01', '2023-12-15 21:45:46'),
(18, 11, 6, '06:12:00', '09:12:00', 'depart', 14, '2023-12-16 00:57:35', '2023-12-16 00:57:35');

-- --------------------------------------------------------

--
-- Cấu trúc bảng cho bảng `trips`
--

CREATE TABLE `trips` (
  `id` int(11) NOT NULL,
  `fromStation` int(11) DEFAULT NULL,
  `toStation` int(11) DEFAULT NULL,
  `startTime` datetime DEFAULT NULL,
  `createdAt` datetime NOT NULL,
  `updatedAt` datetime NOT NULL
) ENGINE=InnoDB DEFAULT CHARSET=utf8mb4 COLLATE=utf8mb4_general_ci;

--
-- Đang đổ dữ liệu cho bảng `trips`
--

INSERT INTO `trips` (`id`, `fromStation`, `toStation`, `startTime`, `createdAt`, `updatedAt`) VALUES
(1, 1, 3, '2023-12-16 02:16:19', '2023-10-07 08:05:44', '2023-10-07 08:05:44'),
(2, 3, 4, '2023-12-16 02:16:19', '2023-10-07 08:05:44', '2023-10-07 08:05:44'),
(3, 3, 5, '2023-12-16 02:16:19', '2023-12-16 02:16:19', '2023-10-07 08:05:44'),
(4, 5, 3, '2023-12-16 02:16:19', '2023-10-07 08:05:44', '2023-10-07 08:05:44'),
(5, 1, 8, '2023-12-16 02:16:19', '2023-10-07 08:05:44', '2023-10-07 08:05:44'),
(7, 5, 3, '2023-12-10 00:00:00', '2023-12-15 19:54:44', '2023-12-15 19:54:44'),
(11, 7, 6, '2023-12-30 00:00:00', '2023-12-16 00:57:17', '2023-12-16 00:57:17');

-- --------------------------------------------------------

--
-- Cấu trúc bảng cho bảng `users`
--

CREATE TABLE `users` (
  `id` int(11) NOT NULL,
  `name` varchar(255) DEFAULT NULL,
  `email` varchar(255) DEFAULT NULL,
  `avatar` varchar(255) DEFAULT 'https://encrypted-tbn0.gstatic.com/images?q=tbn:ANd9GcQ2OFt6d5Oq-0p2061wKMs8fPEtuweFCMcgTg&usqp=CAU',
  `password` varchar(255) DEFAULT NULL,
  `numberPhone` varchar(255) DEFAULT NULL,
  `type` varchar(255) DEFAULT 'CLIENT',
  `createdAt` datetime NOT NULL,
  `updatedAt` datetime NOT NULL
) ENGINE=InnoDB DEFAULT CHARSET=utf8mb4 COLLATE=utf8mb4_general_ci;

--
-- Đang đổ dữ liệu cho bảng `users`
--

INSERT INTO `users` (`id`, `name`, `email`, `avatar`, `password`, `numberPhone`, `type`, `createdAt`, `updatedAt`) VALUES
(1, 'khach hang', 'khachhang@gmail.com', 'https://encrypted-tbn0.gstatic.com/images?q=tbn:ANd9GcQ2OFt6d5Oq-0p2061wKMs8fPEtuweFCMcgTg&usqp=CAU', '123456', '0909123457', 'CLIENT', '2023-02-07 07:57:23', '2023-02-07 07:57:23'),
(2, 'ad', 'ad@gmail.com', 'https://encrypted-tbn0.gstatic.com/images?q=tbn:ANd9GcQ2OFt6d5Oq-0p2061wKMs8fPEtuweFCMcgTg&usqp=CAU', '$2a$10$Wgt.ppNrKGlhaQFnmVvAJ./B8HGxijuJy6UkRigEFB/u8aytEe.zi', '0123456788', 'ADMIN', '2023-02-07 07:57:23', '2023-02-07 07:57:23'),
(3, 'Nguyễn Văn An', 'nva@gmail.com', 'https://encrypted-tbn0.gstatic.com/images?q=tbn:ANd9GcQ2OFt6d5Oq-0p2061wKMs8fPEtuweFCMcgTg&usqp=CAU', '123456', '0909123455', 'CLIENT', '2023-02-07 07:57:23', '2023-12-16 00:56:41'),
(4, 'Nguyễn Văn Bình', 'nvb@gmail.com', 'https://encrypted-tbn0.gstatic.com/images?q=tbn:ANd9GcQ2OFt6d5Oq-0p2061wKMs8fPEtuweFCMcgTg&usqp=CAU', '123456', '0909123456', 'CLIENT', '2023-02-07 07:57:23', '2023-02-07 07:57:23'),
(5, 'Nguyễn Văn Cường', 'nvc@gmail.com', 'https://encrypted-tbn0.gstatic.com/images?q=tbn:ANd9GcQ2OFt6d5Oq-0p2061wKMs8fPEtuweFCMcgTg&usqp=CAU', '123456', '0909123450', 'CLIENT', '2023-02-07 07:57:23', '2023-02-07 07:57:23'),
(6, 'nhan vien', 'nhanvien@gmail.com', 'https://encrypted-tbn0.gstatic.com/images?q=tbn:ANd9GcQ2OFt6d5Oq-0p2061wKMs8fPEtuweFCMcgTg&usqp=CAU', '$2a$10$65Gmex8fldzmQhAvF5m0tO2pcATphyFq7kdqaRAcNi04bAtB1uK0q', '0903318880', 'STAFF', '2023-12-15 19:18:58', '2023-12-15 19:18:58'),
(7, 'test 123', 'test@gmail.com', 'https://encrypted-tbn0.gstatic.com/images?q=tbn:ANd9GcQ2OFt6d5Oq-0p2061wKMs8fPEtuweFCMcgTg&usqp=CAU', '$2a$10$KYLy2TKI1SrLY2G925v.NuCEYNKoTqZS1xQx4lzq8gUMo6H7TVv/W', '0123456789', 'CLIENT', '2023-12-15 19:19:33', '2023-12-16 00:49:55'),
(8, 'admin', 'admin@gmail.com', 'https://encrypted-tbn0.gstatic.com/images?q=tbn:ANd9GcQ2OFt6d5Oq-0p2061wKMs8fPEtuweFCMcgTg&usqp=CAU', '$2a$10$c9zqG8MRDzYL59CRokgYfeTxxbZrA8uQVtfAQNuuJMoom10nG3rcW', '0986320594', 'ADMIN', '2023-12-15 19:19:54', '2023-12-15 19:19:54'),
(10, 'Đỗ Văn K', '1khach@gmail.com', 'https://encrypted-tbn0.gstatic.com/images?q=tbn:ANd9GcQ2OFt6d5Oq-0p2061wKMs8fPEtuweFCMcgTg&usqp=CAU', '$2a$10$pSACrNrqv7ONe6RB8Yq1Gee1DaWElI2CjjK4Ggapdfc3mZOkAB7iW', '0986320300', 'CLIENT', '2023-12-15 20:02:42', '2023-12-15 20:02:42'),
(11, 'Trần Văn Cường', '2khach@gmail.com', 'https://encrypted-tbn0.gstatic.com/images?q=tbn:ANd9GcQ2OFt6d5Oq-0p2061wKMs8fPEtuweFCMcgTg&usqp=CAU', '$2a$10$Uxo0BVBNjgeesa92sQandunO35lRaw3zwSX.2ytLiElB0Xan.nCSO', '0123456000', 'CLIENT', '2023-12-15 20:03:14', '2023-12-15 20:03:14'),
(12, 'Nguyễn Oppa', '3khach@gmail.com', 'https://encrypted-tbn0.gstatic.com/images?q=tbn:ANd9GcQ2OFt6d5Oq-0p2061wKMs8fPEtuweFCMcgTg&usqp=CAU', '$2a$10$dMd6G78ahyAt6hLNMiqI2e76ivpAGOjEz0laxXtFKBh8BGVcrlLpa', '0398038520', 'CLIENT', '2023-12-15 20:03:44', '2023-12-15 20:03:44'),
(13, 'b1909922', 'b1909922@gmail.com', 'https://encrypted-tbn0.gstatic.com/images?q=tbn:ANd9GcQ2OFt6d5Oq-0p2061wKMs8fPEtuweFCMcgTg&usqp=CAU', '$2a$10$mVEp8AuET272wQpNzcPIAOin88oZS/kX/NVyJf8yiDkq9aHlzyFR6', '0123654982', 'CLIENT', '2023-12-16 01:06:58', '2023-12-16 01:06:58');

-- --------------------------------------------------------

--
-- Cấu trúc bảng cho bảng `vehicles`
--

CREATE TABLE `vehicles` (
  `id` int(11) NOT NULL,
  `name` varchar(255) DEFAULT NULL,
  `description` varchar(255) DEFAULT NULL,
  `type` varchar(255) DEFAULT NULL,
  `numberFloors` int(11) DEFAULT NULL,
  `passengerCarId` int(11) DEFAULT NULL,
  `createdAt` datetime NOT NULL,
  `updatedAt` datetime NOT NULL
) ENGINE=InnoDB DEFAULT CHARSET=utf8mb4 COLLATE=utf8mb4_general_ci;

--
-- Đang đổ dữ liệu cho bảng `vehicles`
--

INSERT INTO `vehicles` (`id`, `name`, `description`, `type`, `numberFloors`, `passengerCarId`, `createdAt`, `updatedAt`) VALUES
(1, '10B 123.45', 'Xe có 21 chỗ, Có WC , Wifi', 'limouse', 2, 1, '2023-10-07 08:05:44', '2023-10-07 08:05:44'),
(2, '10B 002.32', 'Xe bình dân tiện nghi', 'normal', 2, 2, '2023-10-07 08:05:44', '2023-10-07 08:05:44'),
(3, '10B 014.12', 'Xe có 15 chỗ, Có WC , Wifi', 'limouse', 2, 1, '2023-10-07 08:05:44', '2023-10-07 08:05:44'),
(4, '10B 102.99', 'Xe bình dân tiện nghi', 'normal', 2, 3, '2023-10-07 08:05:44', '2023-10-07 08:05:44'),
(5, '10B 303.30', 'Xe bình dân tiện nghi', 'normal', 2, 4, '2023-10-07 08:05:44', '2023-10-07 08:05:44'),
(6, '10B 000.84', 'Xe có 21 chỗ, Có WC , Wifi', 'limouse', 2, 5, '2023-10-07 08:05:44', '2023-10-07 08:05:44'),
(7, '10B 872.00', 'Xe có 21 chỗ, Có WC , Wifi', 'limouse', 2, 4, '2023-10-07 08:05:44', '2023-10-07 08:05:44'),
(8, '10B 318.90', 'Xe có 21 chỗ, Có WC , Wifi', 'limouse', 2, 2, '2023-10-07 08:05:44', '2023-10-07 08:05:44'),
(9, '10B 007.11', 'Xe có 8 chỗ, Có WC , Wifi', 'normal', 1, 5, '2023-10-07 08:05:44', '2023-10-07 08:05:44'),
(10, '10B 666.66', 'Xe có 15 chỗ, Có WC , Wifi', 'normal', 1, 2, '2023-10-07 08:05:44', '2023-10-07 08:05:44'),
(11, '10B 543.95', 'Xe bình dân tiện nghi', 'normal', 1, 3, '2023-10-07 08:05:44', '2023-10-07 08:05:44'),
(12, '65B 789.10', 'Xe 29 chỗ, bình dân', 'normal', 1, 6, '2023-12-15 19:30:07', '2023-12-15 19:30:07'),
(14, '65B 234.56', 'Xe 16 chỗ, bình dân', 'normal', 1, 6, '2023-12-15 19:33:38', '2023-12-15 19:33:38'),
(16, '84B 000.47', 'Xe có 15 chỗ, siêu vip pro', 'limouse', 2, 3, '2023-12-15 19:48:19', '2023-12-15 19:48:19'),
(18, '84B 000.55', 'Xe có 15 chỗ, siêu cấp', 'limouse', 2, 3, '2023-12-15 19:48:58', '2023-12-15 19:48:58');

--
-- Chỉ mục cho các bảng đã đổ
--

--
-- Chỉ mục cho bảng `comments`
--
ALTER TABLE `comments`
  ADD PRIMARY KEY (`id`),
  ADD KEY `userId` (`userId`),
  ADD KEY `passengerId` (`passengerId`);

--
-- Chỉ mục cho bảng `imagevehicles`
--
ALTER TABLE `imagevehicles`
  ADD PRIMARY KEY (`id`),
  ADD KEY `vehicleId` (`vehicleId`);

--
-- Chỉ mục cho bảng `passengercarcompanies`
--
ALTER TABLE `passengercarcompanies`
  ADD PRIMARY KEY (`id`);

--
-- Chỉ mục cho bảng `points`
--
ALTER TABLE `points`
  ADD PRIMARY KEY (`id`),
  ADD KEY `stationId` (`stationId`);

--
-- Chỉ mục cho bảng `pointtickets`
--
ALTER TABLE `pointtickets`
  ADD PRIMARY KEY (`id`),
  ADD KEY `timepointId` (`timepointId`),
  ADD KEY `ticketId` (`ticketId`);

--
-- Chỉ mục cho bảng `rates`
--
ALTER TABLE `rates`
  ADD PRIMARY KEY (`id`),
  ADD KEY `userId` (`userId`),
  ADD KEY `passengerId` (`passengerId`);

--
-- Chỉ mục cho bảng `seats`
--
ALTER TABLE `seats`
  ADD PRIMARY KEY (`id`),
  ADD KEY `vehicleId` (`vehicleId`);

--
-- Chỉ mục cho bảng `seattickets`
--
ALTER TABLE `seattickets`
  ADD PRIMARY KEY (`id`),
  ADD KEY `ticketId` (`ticketId`),
  ADD KEY `seatId` (`seatId`);

--
-- Chỉ mục cho bảng `sequelizemeta`
--
ALTER TABLE `sequelizemeta`
  ADD PRIMARY KEY (`name`),
  ADD UNIQUE KEY `name` (`name`);

--
-- Chỉ mục cho bảng `stations`
--
ALTER TABLE `stations`
  ADD PRIMARY KEY (`id`);

--
-- Chỉ mục cho bảng `tickets`
--
ALTER TABLE `tickets`
  ADD PRIMARY KEY (`id`),
  ADD KEY `user_id` (`user_id`),
  ADD KEY `tripPassengerId` (`tripPassengerId`);

--
-- Chỉ mục cho bảng `timepoints`
--
ALTER TABLE `timepoints`
  ADD PRIMARY KEY (`id`),
  ADD KEY `pointId` (`pointId`),
  ADD KEY `tripPassengerId` (`tripPassengerId`);

--
-- Chỉ mục cho bảng `trippassengers`
--
ALTER TABLE `trippassengers`
  ADD PRIMARY KEY (`id`),
  ADD KEY `tripId` (`tripId`),
  ADD KEY `passengerId` (`passengerId`),
  ADD KEY `vehicleId` (`vehicleId`);

--
-- Chỉ mục cho bảng `trips`
--
ALTER TABLE `trips`
  ADD PRIMARY KEY (`id`),
  ADD KEY `fromStation` (`fromStation`),
  ADD KEY `toStation` (`toStation`);

--
-- Chỉ mục cho bảng `users`
--
ALTER TABLE `users`
  ADD PRIMARY KEY (`id`);

--
-- Chỉ mục cho bảng `vehicles`
--
ALTER TABLE `vehicles`
  ADD PRIMARY KEY (`id`),
  ADD KEY `passengerCarId` (`passengerCarId`);

--
-- AUTO_INCREMENT cho các bảng đã đổ
--

--
-- AUTO_INCREMENT cho bảng `comments`
--
ALTER TABLE `comments`
  MODIFY `id` int(11) NOT NULL AUTO_INCREMENT, AUTO_INCREMENT=15;

--
-- AUTO_INCREMENT cho bảng `imagevehicles`
--
ALTER TABLE `imagevehicles`
  MODIFY `id` int(11) NOT NULL AUTO_INCREMENT, AUTO_INCREMENT=46;

--
-- AUTO_INCREMENT cho bảng `passengercarcompanies`
--
ALTER TABLE `passengercarcompanies`
  MODIFY `id` int(11) NOT NULL AUTO_INCREMENT, AUTO_INCREMENT=8;

--
-- AUTO_INCREMENT cho bảng `points`
--
ALTER TABLE `points`
  MODIFY `id` int(11) NOT NULL AUTO_INCREMENT, AUTO_INCREMENT=26;

--
-- AUTO_INCREMENT cho bảng `pointtickets`
--
ALTER TABLE `pointtickets`
  MODIFY `id` int(11) NOT NULL AUTO_INCREMENT, AUTO_INCREMENT=27;

--
-- AUTO_INCREMENT cho bảng `rates`
--
ALTER TABLE `rates`
  MODIFY `id` int(11) NOT NULL AUTO_INCREMENT, AUTO_INCREMENT=22;

--
-- AUTO_INCREMENT cho bảng `seats`
--
ALTER TABLE `seats`
  MODIFY `id` int(11) NOT NULL AUTO_INCREMENT, AUTO_INCREMENT=152;

--
-- AUTO_INCREMENT cho bảng `seattickets`
--
ALTER TABLE `seattickets`
  MODIFY `id` int(11) NOT NULL AUTO_INCREMENT, AUTO_INCREMENT=26;

--
-- AUTO_INCREMENT cho bảng `stations`
--
ALTER TABLE `stations`
  MODIFY `id` int(11) NOT NULL AUTO_INCREMENT, AUTO_INCREMENT=9;

--
-- AUTO_INCREMENT cho bảng `tickets`
--
ALTER TABLE `tickets`
  MODIFY `id` int(11) NOT NULL AUTO_INCREMENT, AUTO_INCREMENT=14;

--
-- AUTO_INCREMENT cho bảng `timepoints`
--
ALTER TABLE `timepoints`
  MODIFY `id` int(11) NOT NULL AUTO_INCREMENT, AUTO_INCREMENT=82;

--
-- AUTO_INCREMENT cho bảng `trippassengers`
--
ALTER TABLE `trippassengers`
  MODIFY `id` int(11) NOT NULL AUTO_INCREMENT, AUTO_INCREMENT=19;

--
-- AUTO_INCREMENT cho bảng `trips`
--
ALTER TABLE `trips`
  MODIFY `id` int(11) NOT NULL AUTO_INCREMENT, AUTO_INCREMENT=12;

--
-- AUTO_INCREMENT cho bảng `users`
--
ALTER TABLE `users`
  MODIFY `id` int(11) NOT NULL AUTO_INCREMENT, AUTO_INCREMENT=14;

--
-- AUTO_INCREMENT cho bảng `vehicles`
--
ALTER TABLE `vehicles`
  MODIFY `id` int(11) NOT NULL AUTO_INCREMENT, AUTO_INCREMENT=20;

--
-- Các ràng buộc cho các bảng đã đổ
--

--
-- Các ràng buộc cho bảng `comments`
--
ALTER TABLE `comments`
  ADD CONSTRAINT `comments_ibfk_1` FOREIGN KEY (`userId`) REFERENCES `users` (`id`) ON DELETE CASCADE,
  ADD CONSTRAINT `comments_ibfk_2` FOREIGN KEY (`passengerId`) REFERENCES `passengercarcompanies` (`id`) ON DELETE CASCADE;

--
-- Các ràng buộc cho bảng `imagevehicles`
--
ALTER TABLE `imagevehicles`
  ADD CONSTRAINT `imagevehicles_ibfk_1` FOREIGN KEY (`vehicleId`) REFERENCES `vehicles` (`id`) ON DELETE CASCADE;

--
-- Các ràng buộc cho bảng `points`
--
ALTER TABLE `points`
  ADD CONSTRAINT `points_ibfk_1` FOREIGN KEY (`stationId`) REFERENCES `stations` (`id`) ON DELETE CASCADE;

--
-- Các ràng buộc cho bảng `pointtickets`
--
ALTER TABLE `pointtickets`
  ADD CONSTRAINT `pointtickets_ibfk_1` FOREIGN KEY (`timepointId`) REFERENCES `timepoints` (`id`) ON DELETE CASCADE,
  ADD CONSTRAINT `pointtickets_ibfk_2` FOREIGN KEY (`ticketId`) REFERENCES `tickets` (`id`) ON DELETE CASCADE;

--
-- Các ràng buộc cho bảng `rates`
--
ALTER TABLE `rates`
  ADD CONSTRAINT `rates_ibfk_1` FOREIGN KEY (`userId`) REFERENCES `users` (`id`) ON DELETE CASCADE,
  ADD CONSTRAINT `rates_ibfk_2` FOREIGN KEY (`passengerId`) REFERENCES `passengercarcompanies` (`id`) ON DELETE CASCADE;

--
-- Các ràng buộc cho bảng `seats`
--
ALTER TABLE `seats`
  ADD CONSTRAINT `seats_ibfk_1` FOREIGN KEY (`vehicleId`) REFERENCES `vehicles` (`id`) ON DELETE CASCADE;

--
-- Các ràng buộc cho bảng `seattickets`
--
ALTER TABLE `seattickets`
  ADD CONSTRAINT `seattickets_ibfk_1` FOREIGN KEY (`ticketId`) REFERENCES `tickets` (`id`) ON DELETE CASCADE,
  ADD CONSTRAINT `seattickets_ibfk_2` FOREIGN KEY (`seatId`) REFERENCES `seats` (`id`) ON DELETE CASCADE;

--
-- Các ràng buộc cho bảng `tickets`
--
ALTER TABLE `tickets`
  ADD CONSTRAINT `tickets_ibfk_1` FOREIGN KEY (`user_id`) REFERENCES `users` (`id`) ON DELETE CASCADE,
  ADD CONSTRAINT `tickets_ibfk_2` FOREIGN KEY (`tripPassengerId`) REFERENCES `trippassengers` (`id`) ON DELETE CASCADE;

--
-- Các ràng buộc cho bảng `timepoints`
--
ALTER TABLE `timepoints`
  ADD CONSTRAINT `timepoints_ibfk_1` FOREIGN KEY (`pointId`) REFERENCES `points` (`id`) ON DELETE CASCADE,
  ADD CONSTRAINT `timepoints_ibfk_2` FOREIGN KEY (`tripPassengerId`) REFERENCES `trippassengers` (`id`) ON DELETE CASCADE;

--
-- Các ràng buộc cho bảng `trippassengers`
--
ALTER TABLE `trippassengers`
  ADD CONSTRAINT `trippassengers_ibfk_1` FOREIGN KEY (`tripId`) REFERENCES `trips` (`id`) ON DELETE CASCADE,
  ADD CONSTRAINT `trippassengers_ibfk_2` FOREIGN KEY (`passengerId`) REFERENCES `passengercarcompanies` (`id`) ON DELETE CASCADE,
  ADD CONSTRAINT `trippassengers_ibfk_3` FOREIGN KEY (`vehicleId`) REFERENCES `vehicles` (`id`) ON DELETE CASCADE;

--
-- Các ràng buộc cho bảng `trips`
--
ALTER TABLE `trips`
  ADD CONSTRAINT `trips_ibfk_1` FOREIGN KEY (`fromStation`) REFERENCES `stations` (`id`) ON DELETE CASCADE,
  ADD CONSTRAINT `trips_ibfk_2` FOREIGN KEY (`toStation`) REFERENCES `stations` (`id`) ON DELETE CASCADE;

--
-- Các ràng buộc cho bảng `vehicles`
--
ALTER TABLE `vehicles`
  ADD CONSTRAINT `vehicles_ibfk_1` FOREIGN KEY (`passengerCarId`) REFERENCES `passengercarcompanies` (`id`) ON DELETE CASCADE;
COMMIT;

/*!40101 SET CHARACTER_SET_CLIENT=@OLD_CHARACTER_SET_CLIENT */;
/*!40101 SET CHARACTER_SET_RESULTS=@OLD_CHARACTER_SET_RESULTS */;
/*!40101 SET COLLATION_CONNECTION=@OLD_COLLATION_CONNECTION */;
